<?xml version="1.0" encoding="UTF-8"?>
<project-private xmlns="http://www.netbeans.org/ns/project-private/1">
    <editor-bookmarks xmlns="http://www.netbeans.org/ns/editor-bookmarks/2" lastBookmarkId="0"/>
    <open-files xmlns="http://www.netbeans.org/ns/projectui-open-files/2">
        <group>
            <file>file:/home/ankit/Collection_project2/src/com/mycompany/sort/SortByRollNo.java</file>
            <file>file:/home/ankit/Collection_project2/src/com/mycompany/sort/SortByName.java</file>
            <file>file:/home/ankit/Collection_project2/src/com/mycompany/main/Test.java</file>
            <file>file:/home/ankit/Collection_project2/src/com/mycompany/student/Student.java</file>
        </group>
    </open-files>
</project-private>
